{
  "vpc-provider:account=486271210069:filter.tag:Name=PRIMARY_VPC:region=us-east-1:returnAsymmetricSubnets=true": {
    "vpcId": "vpc-0b52195be842ee254",
    "vpcCidrBlock": "10.9.0.0/16",
    "ownerAccountId": "486271210069",
    "availabilityZones": [],
    "subnetGroups": [
      {
        "name": "Private-",
        "type": "Private",
        "subnets": [
          {
            "subnetId": "subnet-026002323aa5b197e",
            "cidr": "10.9.3.0/24",
            "availabilityZone": "us-east-1a",
            "routeTableId": "rtb-07f39d35f24ef6a04"
          },
          {
            "subnetId": "subnet-02a6c0b8f7a02f498",
            "cidr": "10.9.4.0/24",
            "availabilityZone": "us-east-1b",
            "routeTableId": "rtb-0a3f714438d35dcdb"
          },
          {
            "subnetId": "subnet-0eaf79b5e1db620f7",
            "cidr": "10.9.5.0/24",
            "availabilityZone": "us-east-1c",
            "routeTableId": "rtb-07a8e1ea42561a389"
          }
        ]
      },
      {
        "name": "Isolated-",
        "type": "Isolated",
        "subnets": [
          {
            "subnetId": "subnet-02e185d3cf5d447ee",
            "cidr": "10.9.6.0/28",
            "availabilityZone": "us-east-1a",
            "routeTableId": "rtb-01ef77ee2ba1144fc"
          },
          {
            "subnetId": "subnet-0df4f7858548acf3c",
            "cidr": "10.9.6.16/28",
            "availabilityZone": "us-east-1b",
            "routeTableId": "rtb-0d7f23f5b304b0f6b"
          },
          {
            "subnetId": "subnet-011cee32487792576",
            "cidr": "10.9.6.32/28",
            "availabilityZone": "us-east-1c",
            "routeTableId": "rtb-028c2ae6978f4ff3a"
          }
        ]
      },
      {
        "name": "Public-",
        "type": "Public",
        "subnets": [
          {
            "subnetId": "subnet-0babef811b01e5788",
            "cidr": "10.9.0.0/24",
            "availabilityZone": "us-east-1a",
            "routeTableId": "rtb-0878e5e319376a831"
          },
          {
            "subnetId": "subnet-0276ca1f8b0a9eb1f",
            "cidr": "10.9.1.0/24",
            "availabilityZone": "us-east-1b",
            "routeTableId": "rtb-00208270adb86c5cb"
          },
          {
            "subnetId": "subnet-0a123e3fa776f90a9",
            "cidr": "10.9.2.0/24",
            "availabilityZone": "us-east-1c",
            "routeTableId": "rtb-0611c519f7b630082"
          }
        ]
      }
    ]
  },
  "vpc-provider:account=654654496116:filter.tag:Name=PRIMARY_VPC:region=us-east-1:returnAsymmetricSubnets=true": {
    "vpcId": "vpc-05e2ee38794e93864",
    "vpcCidrBlock": "10.12.0.0/16",
    "ownerAccountId": "654654496116",
    "availabilityZones": [],
    "subnetGroups": [
      {
        "name": "Public-",
        "type": "Public",
        "subnets": [
          {
            "subnetId": "subnet-0e74571d6f8506fe7",
            "cidr": "10.12.0.0/24",
            "availabilityZone": "us-east-1a",
            "routeTableId": "rtb-0f946e415eb5f6fe1"
          },
          {
            "subnetId": "subnet-0d60206903d0d25a7",
            "cidr": "10.12.1.0/24",
            "availabilityZone": "us-east-1b",
            "routeTableId": "rtb-0ff0530d859cbcf9e"
          },
          {
            "subnetId": "subnet-012a5f78aa534c0ca",
            "cidr": "10.12.2.0/24",
            "availabilityZone": "us-east-1c",
            "routeTableId": "rtb-06e659bd5febaab3c"
          }
        ]
      },
      {
        "name": "Isolated-",
        "type": "Isolated",
        "subnets": [
          {
            "subnetId": "subnet-0cb92ce297dcf3946",
            "cidr": "10.12.6.0/28",
            "availabilityZone": "us-east-1a",
            "routeTableId": "rtb-050c879f96f5aac52"
          },
          {
            "subnetId": "subnet-02746ae4c15df6837",
            "cidr": "10.12.6.16/28",
            "availabilityZone": "us-east-1b",
            "routeTableId": "rtb-0328ba1c3a701b971"
          },
          {
            "subnetId": "subnet-009df176289d6629f",
            "cidr": "10.12.6.32/28",
            "availabilityZone": "us-east-1c",
            "routeTableId": "rtb-02f6161f63bcdb21c"
          }
        ]
      },
      {
        "name": "Private-",
        "type": "Private",
        "subnets": [
          {
            "subnetId": "subnet-0e8e714a54a0dfbbf",
            "cidr": "10.12.3.0/24",
            "availabilityZone": "us-east-1a",
            "routeTableId": "rtb-0f0002a8ce05f05f9"
          },
          {
            "subnetId": "subnet-0f064e3f3092dfb1e",
            "cidr": "10.12.4.0/24",
            "availabilityZone": "us-east-1b",
            "routeTableId": "rtb-0a16fc303ecb0dc90"
          },
          {
            "subnetId": "subnet-0d6be03c1eef7f444",
            "cidr": "10.12.5.0/24",
            "availabilityZone": "us-east-1c",
            "routeTableId": "rtb-0ea9b69fc579f3796"
          }
        ]
      }
    ]
  }
}
