{
  "Records": [
    {
      "awsRegion": "ca-central-1",
      "dynamodb": {
        "ApproximateCreationDateTime": 1654076219,
        "Keys": {
          "PK": {
            "S": "TENANT#aaaaaa#ORDER_REPORT#TERRITORY#7509a5c2-db6a-48a7-9430-9d8944c8bfdd"
          },
          "SK": {
            "S": "TENANT#aaaaaa#ORDER_MONTHLY#2022-05"
          }
        },
        "NewImage": {
          "PK": {
            "S": "TENANT#aaaaaa#ORDER_REPORT#TERRITORY#7509a5c2-db6a-48a7-9430-9d8944c8bfdd"
          },
          "SK": {
            "S": "TENANT#aaaaaa#ORDER_MONTHLY#2022-05"
          },
          "ah": {
            "N": "37.13"
          },
          "as": {
            "S": "SHIPPER_UNAVAILABLE"
          },
          "ay": {
            "S": "2022-05-16T12:00:00Z"
          },
          "bh": {
            "S": "f1996a84-0c01-4b12-8d71-d58a1027c44a"
          },
          "bi": {
            "S": "7509a5c2-db6a-48a7-9430-9d8944c8bfdd"
          },
          "bj": {
            "S": "7db4ce98-5efe-461f-a55c-c4d35f68182f"
          },
          "bk": {
            "S": "ab3095cd-09e9-4ed5-be19-5aebc88a8bbe"
          },
          "bl": {
            "S": "e5902429-954d-4089-bfe3-da4ea5c9558e"
          },
          "za": {
            "M": {
              "p": {
                "N": "1"
              }
            }
          },
          "¶": {
            "S": "REPORT_ORDER"
          },
          "•": {
            "S": "aaaaaa"
          }
        },
        "OldImage": {
          "PK": {
            "S": "TENANT#aaaaaa#ORDER_REPORT#TERRITORY#7509a5c2-db6a-48a7-9430-9d8944c8bfdd"
          },
          "SK": {
            "S": "TENANT#aaaaaa#ORDER_MONTHLY#2022-05"
          },
          "za": {
            "M": {}
          }
        },
        "SequenceNumber": "11800000000002379856348",
        "SizeBytes": 611,
        "StreamViewType": "NEW_AND_OLD_IMAGES"
      },
      "eventID": "86abb0576bcf64aeccf3878848a46d43",
      "eventName": "MODIFY",
      "eventSource": "aws:dynamodb",
      "eventVersion": "1.1",
      "eventSourceARN": "arn:aws:dynamodb:ca-central-1:890526981419:table/V2QATable/stream/2022-06-01T09:03:55.551"
    },
    {
      "awsRegion": "ca-central-1",
      "dynamodb": {
        "ApproximateCreationDateTime": 1654076219,
        "Keys": {
          "PK": {
            "S": "TENANT#aaaaaa#ORDER_BILL_REPORT#ORDER_WEEKLY#2022-05-16"
          },
          "SK": {
            "S": "TENANT#aaaaaa#CUSTOMER#f1996a84-0c01-4b12-8d71-d58a1027c44a"
          }
        },
        "NewImage": {
          "PK": {
            "S": "TENANT#aaaaaa#ORDER_BILL_REPORT#ORDER_WEEKLY#2022-05-16"
          },
          "SK": {
            "S": "TENANT#aaaaaa#CUSTOMER#f1996a84-0c01-4b12-8d71-d58a1027c44a"
          },
          "ah": {
            "N": "37.13"
          },
          "as": {
            "S": "SHIPPER_UNAVAILABLE"
          },
          "ay": {
            "S": "2022-05-16T12:00:00Z"
          },
          "bh": {
            "S": "f1996a84-0c01-4b12-8d71-d58a1027c44a"
          },
          "bi": {
            "S": "7509a5c2-db6a-48a7-9430-9d8944c8bfdd"
          },
          "bj": {
            "S": "7db4ce98-5efe-461f-a55c-c4d35f68182f"
          },
          "bk": {
            "S": "ab3095cd-09e9-4ed5-be19-5aebc88a8bbe"
          },
          "bl": {
            "S": "e5902429-954d-4089-bfe3-da4ea5c9558e"
          },
          "za": {
            "M": {
              "p": {
                "N": "1"
              }
            }
          },
          "zc": {
            "M": {
              "p": {
                "N": "37.13"
              }
            }
          },
          "¶": {
            "S": "REPORT_ORDER"
          },
          "•": {
            "S": "aaaaaa"
          }
        },
        "OldImage": {
          "PK": {
            "S": "TENANT#aaaaaa#ORDER_BILL_REPORT#ORDER_WEEKLY#2022-05-16"
          },
          "SK": {
            "S": "TENANT#aaaaaa#CUSTOMER#f1996a84-0c01-4b12-8d71-d58a1027c44a"
          },
          "za": {
            "M": {}
          },
          "zc": {
            "M": {}
          }
        },
        "SequenceNumber": "11900000000002379856349",
        "SizeBytes": 644,
        "StreamViewType": "NEW_AND_OLD_IMAGES"
      },
      "eventID": "0c4659fb6ac27204b5841988e4a10afe",
      "eventName": "MODIFY",
      "eventSource": "aws:dynamodb",
      "eventVersion": "1.1",
      "eventSourceARN": "arn:aws:dynamodb:ca-central-1:890526981419:table/V2QATable/stream/2022-06-01T09:03:55.551"
    },
    {
      "awsRegion": "ca-central-1",
      "dynamodb": {
        "ApproximateCreationDateTime": 1654076219,
        "Keys": {
          "PK": {
            "S": "TENANT#aaaaaa#ORDER_BILL_REPORT#ORDER_MONTHLY#2022-05"
          },
          "SK": {
            "S": "TENANT#aaaaaa#CUSTOMER#f1996a84-0c01-4b12-8d71-d58a1027c44a"
          }
        },
        "NewImage": {
          "PK": {
            "S": "TENANT#aaaaaa#ORDER_BILL_REPORT#ORDER_MONTHLY#2022-05"
          },
          "SK": {
            "S": "TENANT#aaaaaa#CUSTOMER#f1996a84-0c01-4b12-8d71-d58a1027c44a"
          },
          "ah": {
            "N": "37.13"
          },
          "as": {
            "S": "SHIPPER_UNAVAILABLE"
          },
          "ay": {
            "S": "2022-05-16T12:00:00Z"
          },
          "bh": {
            "S": "f1996a84-0c01-4b12-8d71-d58a1027c44a"
          },
          "bi": {
            "S": "7509a5c2-db6a-48a7-9430-9d8944c8bfdd"
          },
          "bj": {
            "S": "7db4ce98-5efe-461f-a55c-c4d35f68182f"
          },
          "bk": {
            "S": "ab3095cd-09e9-4ed5-be19-5aebc88a8bbe"
          },
          "bl": {
            "S": "e5902429-954d-4089-bfe3-da4ea5c9558e"
          },
          "za": {
            "M": {
              "p": {
                "N": "1"
              }
            }
          },
          "zc": {
            "M": {
              "p": {
                "N": "37.13"
              }
            }
          },
          "¶": {
            "S": "REPORT_ORDER"
          },
          "•": {
            "S": "aaaaaa"
          }
        },
        "OldImage": {
          "PK": {
            "S": "TENANT#aaaaaa#ORDER_BILL_REPORT#ORDER_MONTHLY#2022-05"
          },
          "SK": {
            "S": "TENANT#aaaaaa#CUSTOMER#f1996a84-0c01-4b12-8d71-d58a1027c44a"
          },
          "za": {
            "M": {}
          },
          "zc": {
            "M": {}
          }
        },
        "SequenceNumber": "12000000000002379856350",
        "SizeBytes": 638,
        "StreamViewType": "NEW_AND_OLD_IMAGES"
      },
      "eventID": "967f8480aa3d8cf97e3089d06b45b267",
      "eventName": "MODIFY",
      "eventSource": "aws:dynamodb",
      "eventVersion": "1.1",
      "eventSourceARN": "arn:aws:dynamodb:ca-central-1:890526981419:table/V2QATable/stream/2022-06-01T09:03:55.551"
    },
    {
      "awsRegion": "ca-central-1",
      "dynamodb": {
        "ApproximateCreationDateTime": 1654076219,
        "Keys": {
          "PK": {
            "S": "TENANT#aaaaaa#ORDER_BILL_REPORT#ORDER_YEARLY#2022"
          },
          "SK": {
            "S": "TENANT#aaaaaa#CUSTOMER#f1996a84-0c01-4b12-8d71-d58a1027c44a"
          }
        },
        "NewImage": {
          "PK": {
            "S": "TENANT#aaaaaa#ORDER_BILL_REPORT#ORDER_YEARLY#2022"
          },
          "SK": {
            "S": "TENANT#aaaaaa#CUSTOMER#f1996a84-0c01-4b12-8d71-d58a1027c44a"
          },
          "ah": {
            "N": "37.13"
          },
          "as": {
            "S": "SHIPPER_UNAVAILABLE"
          },
          "ay": {
            "S": "2022-05-16T12:00:00Z"
          },
          "bh": {
            "S": "f1996a84-0c01-4b12-8d71-d58a1027c44a"
          },
          "bi": {
            "S": "7509a5c2-db6a-48a7-9430-9d8944c8bfdd"
          },
          "bj": {
            "S": "7db4ce98-5efe-461f-a55c-c4d35f68182f"
          },
          "bk": {
            "S": "ab3095cd-09e9-4ed5-be19-5aebc88a8bbe"
          },
          "bl": {
            "S": "e5902429-954d-4089-bfe3-da4ea5c9558e"
          },
          "za": {
            "M": {
              "p": {
                "N": "1"
              }
            }
          },
          "zc": {
            "M": {
              "p": {
                "N": "37.13"
              }
            }
          },
          "¶": {
            "S": "REPORT_ORDER"
          },
          "•": {
            "S": "aaaaaa"
          }
        },
        "OldImage": {
          "PK": {
            "S": "TENANT#aaaaaa#ORDER_BILL_REPORT#ORDER_YEARLY#2022"
          },
          "SK": {
            "S": "TENANT#aaaaaa#CUSTOMER#f1996a84-0c01-4b12-8d71-d58a1027c44a"
          },
          "za": {
            "M": {}
          },
          "zc": {
            "M": {}
          }
        },
        "SequenceNumber": "12100000000002379856351",
        "SizeBytes": 626,
        "StreamViewType": "NEW_AND_OLD_IMAGES"
      },
      "eventID": "c6240d35297fdf44cf3269c018b5a365",
      "eventName": "MODIFY",
      "eventSource": "aws:dynamodb",
      "eventVersion": "1.1",
      "eventSourceARN": "arn:aws:dynamodb:ca-central-1:890526981419:table/V2QATable/stream/2022-06-01T09:03:55.551"
    },
    {
      "awsRegion": "ca-central-1",
      "dynamodb": {
        "ApproximateCreationDateTime": 1654076219,
        "Keys": {
          "PK": {
            "S": "TENANT#aaaaaa#ORDER_REPORT#DRIVER#e5902429-954d-4089-bfe3-da4ea5c9558e"
          },
          "SK": {
            "S": "TENANT#aaaaaa#DRIVER_DAILY#2022-05-16"
          }
        },
        "NewImage": {
          "PK": {
            "S": "TENANT#aaaaaa#ORDER_REPORT#DRIVER#e5902429-954d-4089-bfe3-da4ea5c9558e"
          },
          "SK": {
            "S": "TENANT#aaaaaa#DRIVER_DAILY#2022-05-16"
          },
          "ah": {
            "N": "37.13"
          },
          "as": {
            "S": "SHIPPER_UNAVAILABLE"
          },
          "ay": {
            "S": "2022-05-16T12:00:00Z"
          },
          "bh": {
            "S": "f1996a84-0c01-4b12-8d71-d58a1027c44a"
          },
          "bi": {
            "S": "7509a5c2-db6a-48a7-9430-9d8944c8bfdd"
          },
          "bj": {
            "S": "7db4ce98-5efe-461f-a55c-c4d35f68182f"
          },
          "bk": {
            "S": "ab3095cd-09e9-4ed5-be19-5aebc88a8bbe"
          },
          "bl": {
            "S": "e5902429-954d-4089-bfe3-da4ea5c9558e"
          },
          "za": {
            "M": {
              "p": {
                "N": "1"
              }
            }
          },
          "zc": {
            "M": {
              "p": {
                "N": "37.13"
              }
            }
          },
          "¶": {
            "S": "REPORT_ORDER"
          },
          "•": {
            "S": "aaaaaa"
          }
        },
        "OldImage": {
          "PK": {
            "S": "TENANT#aaaaaa#ORDER_REPORT#DRIVER#e5902429-954d-4089-bfe3-da4ea5c9558e"
          },
          "SK": {
            "S": "TENANT#aaaaaa#DRIVER_DAILY#2022-05-16"
          },
          "za": {
            "M": {}
          },
          "zc": {
            "M": {}
          }
        },
        "SequenceNumber": "12200000000002379856352",
        "SizeBytes": 623,
        "StreamViewType": "NEW_AND_OLD_IMAGES"
      },
      "eventID": "a1ded699a4cce2bcb497709513b0a3a5",
      "eventName": "MODIFY",
      "eventSource": "aws:dynamodb",
      "eventVersion": "1.1",
      "eventSourceARN": "arn:aws:dynamodb:ca-central-1:890526981419:table/V2QATable/stream/2022-06-01T09:03:55.551"
    },
    {
      "awsRegion": "ca-central-1",
      "dynamodb": {
        "ApproximateCreationDateTime": 1654076219,
        "Keys": {
          "PK": {
            "S": "TENANT#aaaaaa#ORDER_REPORT#TERRITORY#7509a5c2-db6a-48a7-9430-9d8944c8bfdd"
          },
          "SK": {
            "S": "TENANT#aaaaaa#ORDER_WEEKLY#2022-05-16"
          }
        },
        "NewImage": {
          "PK": {
            "S": "TENANT#aaaaaa#ORDER_REPORT#TERRITORY#7509a5c2-db6a-48a7-9430-9d8944c8bfdd"
          },
          "SK": {
            "S": "TENANT#aaaaaa#ORDER_WEEKLY#2022-05-16"
          },
          "ah": {
            "N": "37.13"
          },
          "as": {
            "S": "SHIPPER_UNAVAILABLE"
          },
          "ay": {
            "S": "2022-05-16T12:00:00Z"
          },
          "bh": {
            "S": "f1996a84-0c01-4b12-8d71-d58a1027c44a"
          },
          "bi": {
            "S": "7509a5c2-db6a-48a7-9430-9d8944c8bfdd"
          },
          "bj": {
            "S": "7db4ce98-5efe-461f-a55c-c4d35f68182f"
          },
          "bk": {
            "S": "ab3095cd-09e9-4ed5-be19-5aebc88a8bbe"
          },
          "bl": {
            "S": "e5902429-954d-4089-bfe3-da4ea5c9558e"
          },
          "za": {
            "M": {
              "p": {
                "N": "1"
              }
            }
          },
          "¶": {
            "S": "REPORT_ORDER"
          },
          "•": {
            "S": "aaaaaa"
          }
        },
        "OldImage": {
          "PK": {
            "S": "TENANT#aaaaaa#ORDER_REPORT#TERRITORY#7509a5c2-db6a-48a7-9430-9d8944c8bfdd"
          },
          "SK": {
            "S": "TENANT#aaaaaa#ORDER_WEEKLY#2022-05-16"
          },
          "za": {
            "M": {}
          }
        },
        "SequenceNumber": "12300000000002379856353",
        "SizeBytes": 617,
        "StreamViewType": "NEW_AND_OLD_IMAGES"
      },
      "eventID": "0d85447f4abc30952b8f505174161adc",
      "eventName": "MODIFY",
      "eventSource": "aws:dynamodb",
      "eventVersion": "1.1",
      "eventSourceARN": "arn:aws:dynamodb:ca-central-1:890526981419:table/V2QATable/stream/2022-06-01T09:03:55.551"
    },
    {
      "awsRegion": "ca-central-1",
      "dynamodb": {
        "ApproximateCreationDateTime": 1654076219,
        "Keys": {
          "PK": {
            "S": "TENANT#aaaaaa#ORDER_REPORT#TERRITORY#7509a5c2-db6a-48a7-9430-9d8944c8bfdd"
          },
          "SK": {
            "S": "TENANT#aaaaaa#ORDER_YEARLY#2022"
          }
        },
        "NewImage": {
          "PK": {
            "S": "TENANT#aaaaaa#ORDER_REPORT#TERRITORY#7509a5c2-db6a-48a7-9430-9d8944c8bfdd"
          },
          "SK": {
            "S": "TENANT#aaaaaa#ORDER_YEARLY#2022"
          },
          "ah": {
            "N": "37.13"
          },
          "as": {
            "S": "SHIPPER_UNAVAILABLE"
          },
          "ay": {
            "S": "2022-05-16T12:00:00Z"
          },
          "bh": {
            "S": "f1996a84-0c01-4b12-8d71-d58a1027c44a"
          },
          "bi": {
            "S": "7509a5c2-db6a-48a7-9430-9d8944c8bfdd"
          },
          "bj": {
            "S": "7db4ce98-5efe-461f-a55c-c4d35f68182f"
          },
          "bk": {
            "S": "ab3095cd-09e9-4ed5-be19-5aebc88a8bbe"
          },
          "bl": {
            "S": "e5902429-954d-4089-bfe3-da4ea5c9558e"
          },
          "za": {
            "M": {
              "p": {
                "N": "1"
              }
            }
          },
          "¶": {
            "S": "REPORT_ORDER"
          },
          "•": {
            "S": "aaaaaa"
          }
        },
        "OldImage": {
          "PK": {
            "S": "TENANT#aaaaaa#ORDER_REPORT#TERRITORY#7509a5c2-db6a-48a7-9430-9d8944c8bfdd"
          },
          "SK": {
            "S": "TENANT#aaaaaa#ORDER_YEARLY#2022"
          },
          "za": {
            "M": {}
          }
        },
        "SequenceNumber": "12400000000002379856354",
        "SizeBytes": 599,
        "StreamViewType": "NEW_AND_OLD_IMAGES"
      },
      "eventID": "060349d3999b2967ac49e34c07e1ed54",
      "eventName": "MODIFY",
      "eventSource": "aws:dynamodb",
      "eventVersion": "1.1",
      "eventSourceARN": "arn:aws:dynamodb:ca-central-1:890526981419:table/V2QATable/stream/2022-06-01T09:03:55.551"
    },
    {
      "awsRegion": "ca-central-1",
      "dynamodb": {
        "ApproximateCreationDateTime": 1654076219,
        "Keys": {
          "PK": {
            "S": "TENANT#aaaaaa#ORDER_REPORT#TERRITORY#7509a5c2-db6a-48a7-9430-9d8944c8bfdd"
          },
          "SK": {
            "S": "TENANT#aaaaaa#ORDER_DAILY#2022-05-16"
          }
        },
        "NewImage": {
          "PK": {
            "S": "TENANT#aaaaaa#ORDER_REPORT#TERRITORY#7509a5c2-db6a-48a7-9430-9d8944c8bfdd"
          },
          "SK": {
            "S": "TENANT#aaaaaa#ORDER_DAILY#2022-05-16"
          },
          "ah": {
            "N": "37.13"
          },
          "as": {
            "S": "SHIPPER_UNAVAILABLE"
          },
          "ay": {
            "S": "2022-05-16T12:00:00Z"
          },
          "bh": {
            "S": "f1996a84-0c01-4b12-8d71-d58a1027c44a"
          },
          "bi": {
            "S": "7509a5c2-db6a-48a7-9430-9d8944c8bfdd"
          },
          "bj": {
            "S": "7db4ce98-5efe-461f-a55c-c4d35f68182f"
          },
          "bk": {
            "S": "ab3095cd-09e9-4ed5-be19-5aebc88a8bbe"
          },
          "bl": {
            "S": "e5902429-954d-4089-bfe3-da4ea5c9558e"
          },
          "za": {
            "M": {
              "p": {
                "N": "1"
              }
            }
          },
          "¶": {
            "S": "REPORT_ORDER"
          },
          "•": {
            "S": "aaaaaa"
          }
        },
        "OldImage": {
          "PK": {
            "S": "TENANT#aaaaaa#ORDER_REPORT#TERRITORY#7509a5c2-db6a-48a7-9430-9d8944c8bfdd"
          },
          "SK": {
            "S": "TENANT#aaaaaa#ORDER_DAILY#2022-05-16"
          },
          "za": {
            "M": {}
          }
        },
        "SequenceNumber": "12500000000002379856355",
        "SizeBytes": 614,
        "StreamViewType": "NEW_AND_OLD_IMAGES"
      },
      "eventID": "89ea4dcca6b3f18834d079d58cb2e925",
      "eventName": "MODIFY",
      "eventSource": "aws:dynamodb",
      "eventVersion": "1.1",
      "eventSourceARN": "arn:aws:dynamodb:ca-central-1:890526981419:table/V2QATable/stream/2022-06-01T09:03:55.551"
    },
    {
      "awsRegion": "ca-central-1",
      "dynamodb": {
        "ApproximateCreationDateTime": 1654076219,
        "Keys": {
          "PK": {
            "S": "TENANT#aaaaaa#ORDER_REPORT#DRIVER#e5902429-954d-4089-bfe3-da4ea5c9558e"
          },
          "SK": {
            "S": "TENANT#aaaaaa#DRIVER_MONTHLY#2022-05"
          }
        },
        "NewImage": {
          "PK": {
            "S": "TENANT#aaaaaa#ORDER_REPORT#DRIVER#e5902429-954d-4089-bfe3-da4ea5c9558e"
          },
          "SK": {
            "S": "TENANT#aaaaaa#DRIVER_MONTHLY#2022-05"
          },
          "ah": {
            "N": "37.13"
          },
          "as": {
            "S": "SHIPPER_UNAVAILABLE"
          },
          "ay": {
            "S": "2022-05-16T12:00:00Z"
          },
          "bh": {
            "S": "f1996a84-0c01-4b12-8d71-d58a1027c44a"
          },
          "bi": {
            "S": "7509a5c2-db6a-48a7-9430-9d8944c8bfdd"
          },
          "bj": {
            "S": "7db4ce98-5efe-461f-a55c-c4d35f68182f"
          },
          "bk": {
            "S": "ab3095cd-09e9-4ed5-be19-5aebc88a8bbe"
          },
          "bl": {
            "S": "e5902429-954d-4089-bfe3-da4ea5c9558e"
          },
          "za": {
            "M": {
              "p": {
                "N": "1"
              }
            }
          },
          "zc": {
            "M": {
              "p": {
                "N": "37.13"
              }
            }
          },
          "¶": {
            "S": "REPORT_ORDER"
          },
          "•": {
            "S": "aaaaaa"
          }
        },
        "OldImage": {
          "PK": {
            "S": "TENANT#aaaaaa#ORDER_REPORT#DRIVER#e5902429-954d-4089-bfe3-da4ea5c9558e"
          },
          "SK": {
            "S": "TENANT#aaaaaa#DRIVER_MONTHLY#2022-05"
          },
          "za": {
            "M": {}
          },
          "zc": {
            "M": {}
          }
        },
        "SequenceNumber": "12600000000002379856356",
        "SizeBytes": 620,
        "StreamViewType": "NEW_AND_OLD_IMAGES"
      },
      "eventID": "a43abc0f2a1976b2831a4fbcb70e5f44",
      "eventName": "MODIFY",
      "eventSource": "aws:dynamodb",
      "eventVersion": "1.1",
      "eventSourceARN": "arn:aws:dynamodb:ca-central-1:890526981419:table/V2QATable/stream/2022-06-01T09:03:55.551"
    },
    {
      "awsRegion": "ca-central-1",
      "dynamodb": {
        "ApproximateCreationDateTime": 1654076219,
        "Keys": {
          "PK": {
            "S": "TENANT#aaaaaa#ORDER_REPORT#DRIVER#e5902429-954d-4089-bfe3-da4ea5c9558e"
          },
          "SK": {
            "S": "TENANT#aaaaaa#DRIVER_YEARLY#2022"
          }
        },
        "NewImage": {
          "PK": {
            "S": "TENANT#aaaaaa#ORDER_REPORT#DRIVER#e5902429-954d-4089-bfe3-da4ea5c9558e"
          },
          "SK": {
            "S": "TENANT#aaaaaa#DRIVER_YEARLY#2022"
          },
          "ah": {
            "N": "37.13"
          },
          "as": {
            "S": "SHIPPER_UNAVAILABLE"
          },
          "ay": {
            "S": "2022-05-16T12:00:00Z"
          },
          "bh": {
            "S": "f1996a84-0c01-4b12-8d71-d58a1027c44a"
          },
          "bi": {
            "S": "7509a5c2-db6a-48a7-9430-9d8944c8bfdd"
          },
          "bj": {
            "S": "7db4ce98-5efe-461f-a55c-c4d35f68182f"
          },
          "bk": {
            "S": "ab3095cd-09e9-4ed5-be19-5aebc88a8bbe"
          },
          "bl": {
            "S": "e5902429-954d-4089-bfe3-da4ea5c9558e"
          },
          "za": {
            "M": {
              "p": {
                "N": "1"
              }
            }
          },
          "zc": {
            "M": {
              "p": {
                "N": "37.13"
              }
            }
          },
          "¶": {
            "S": "REPORT_ORDER"
          },
          "•": {
            "S": "aaaaaa"
          }
        },
        "OldImage": {
          "PK": {
            "S": "TENANT#aaaaaa#ORDER_REPORT#DRIVER#e5902429-954d-4089-bfe3-da4ea5c9558e"
          },
          "SK": {
            "S": "TENANT#aaaaaa#DRIVER_YEARLY#2022"
          },
          "za": {
            "M": {}
          },
          "zc": {
            "M": {}
          }
        },
        "SequenceNumber": "12700000000002379856357",
        "SizeBytes": 608,
        "StreamViewType": "NEW_AND_OLD_IMAGES"
      },
      "eventID": "54b98727080fc2a33495b3b01d54e7ef",
      "eventName": "MODIFY",
      "eventSource": "aws:dynamodb",
      "eventVersion": "1.1",
      "eventSourceARN": "arn:aws:dynamodb:ca-central-1:890526981419:table/V2QATable/stream/2022-06-01T09:03:55.551"
    },
    {
      "awsRegion": "ca-central-1",
      "dynamodb": {
        "ApproximateCreationDateTime": 1654076219,
        "Keys": {
          "PK": {
            "S": "TENANT#aaaaaa#ORDER_REPORT#DRIVER#e5902429-954d-4089-bfe3-da4ea5c9558e"
          },
          "SK": {
            "S": "TENANT#aaaaaa#DRIVER_WEEKLY#2022-05-16"
          }
        },
        "NewImage": {
          "PK": {
            "S": "TENANT#aaaaaa#ORDER_REPORT#DRIVER#e5902429-954d-4089-bfe3-da4ea5c9558e"
          },
          "SK": {
            "S": "TENANT#aaaaaa#DRIVER_WEEKLY#2022-05-16"
          },
          "ah": {
            "N": "37.13"
          },
          "as": {
            "S": "SHIPPER_UNAVAILABLE"
          },
          "ay": {
            "S": "2022-05-16T12:00:00Z"
          },
          "bh": {
            "S": "f1996a84-0c01-4b12-8d71-d58a1027c44a"
          },
          "bi": {
            "S": "7509a5c2-db6a-48a7-9430-9d8944c8bfdd"
          },
          "bj": {
            "S": "7db4ce98-5efe-461f-a55c-c4d35f68182f"
          },
          "bk": {
            "S": "ab3095cd-09e9-4ed5-be19-5aebc88a8bbe"
          },
          "bl": {
            "S": "e5902429-954d-4089-bfe3-da4ea5c9558e"
          },
          "za": {
            "M": {
              "p": {
                "N": "1"
              }
            }
          },
          "zc": {
            "M": {
              "p": {
                "N": "37.13"
              }
            }
          },
          "¶": {
            "S": "REPORT_ORDER"
          },
          "•": {
            "S": "aaaaaa"
          }
        },
        "OldImage": {
          "PK": {
            "S": "TENANT#aaaaaa#ORDER_REPORT#DRIVER#e5902429-954d-4089-bfe3-da4ea5c9558e"
          },
          "SK": {
            "S": "TENANT#aaaaaa#DRIVER_WEEKLY#2022-05-16"
          },
          "za": {
            "M": {}
          },
          "zc": {
            "M": {}
          }
        },
        "SequenceNumber": "12800000000002379856358",
        "SizeBytes": 626,
        "StreamViewType": "NEW_AND_OLD_IMAGES"
      },
      "eventID": "c2245ba1b169825cad3435df7c0fcd14",
      "eventName": "MODIFY",
      "eventSource": "aws:dynamodb",
      "eventVersion": "1.1",
      "eventSourceARN": "arn:aws:dynamodb:ca-central-1:890526981419:table/V2QATable/stream/2022-06-01T09:03:55.551"
    }
  ]
}
