{
  "Records": [
    {
      "awsRegion": "ca-central-1",
      "dynamodb": {
        "ApproximateCreationDateTime": 1653891109,
        "Keys": {
          "PK": {
            "S": "TENANT#aaaaaa#ORDER_LOG#320220512184048792704745#55#ff39cac7-21fa-443c-9151-46c232ec5494"
          },
          "SK": {
            "S": "TENANT#aaaaaa#ORDERS#320220512184048792704745"
          }
        },
        "NewImage": {
          "EntityName": {
            "S": "TENANT#aaaaaa#Order Log"
          },
          "EntitySK": {
            "S": "TENANT#aaaaaa#ORDER_LOG#2022-05-13T18:56:04Z"
          },
          "EntityType": {
            "S": "ORDER_LOG"
          },
          "PK": {
            "S": "TENANT#aaaaaa#ORDER_LOG#320220512184048792704745#55#ff39cac7-21fa-443c-9151-46c232ec5494"
          },
          "SK": {
            "S": "TENANT#aaaaaa#ORDERS#320220512184048792704745"
          },
          "a": {
            "S": "32759f9c-b6c1-482d-9906-200f2878cdea"
          },
          "b": {
            "S": "320220512184048792704745"
          },
          "c": {
            "M": {
              "mat": {
                "S": "0001-01-01T00:00:00Z"
              }
            }
          },
          "d": {
            "S": "MANUAL LOG by simba lion"
          },
          "e": {
            "S": "DELIVERED"
          },
          "j": {
            "S": "dropped at door"
          },
          "k": {
            "S": "2022-05-13T18:56:04.165035Z"
          },
          "l": {
            "S": "2022-05-13T18:56:04.165035Z"
          },
          "m": {
            "S": "ff39cac7-21fa-443c-9151-46c232ec5494"
          },
          "mat": {
            "S": "2022-05-13T18:56:06.823008Z"
          },
          "•": {
            "S": "aaaaaa"
          },
          "¶": {
            "S": "ORDER_LOG"
          }
        },
        "SequenceNumber": "91900000000003315661935",
        "SizeBytes": 651,
        "StreamViewType": "NEW_AND_OLD_IMAGES"
      },
      "eventID": "606da6595cdab12e2c1f41b2debc6d38",
      "eventName": "INSERT",
      "eventSource": "aws:dynamodb",
      "eventVersion": "1.1",
      "eventSourceARN": "arn:aws:dynamodb:ca-central-1:890526981419:table/V2QATable/stream/2022-05-30T04:09:46.771"
    }
  ]
}
