{
  "id": "c1",
  "name": "DRAFT",
  "items": [
    {
      "id": 1,
      "contract_name": "Acme Inc. Cleaning Services",
      "contract_partner": "John Smith",
      "contract_alias": "Cleaning Contract",
      "start_date": "2023-04-01",
      "end_date": "2024-03-31",
      "dollar_amount": 5000,
      "unit_definitions": [
        {
          "name": "Cleaning Visit",
          "description": "One cleaning visit to the premises",
          "frequency": "2 visits per week",
          "price": 50
        },
        {
          "name": "Deep Cleaning",
          "description": "One deep cleaning of the premises",
          "frequency": "Once per month",
          "price": 150
        }
      ],
      "service_days": [
        {
          "name": "All Days",
          "days": [
            "Monday",
            "Tuesday",
            "Wednesday",
            "Thursday",
            "Friday",
            "Saturday",
            "Sunday"
          ]
        },
        {
          "name": "Weekdays Only",
          "days": [
            "Monday",
            "Tuesday",
            "Wednesday",
            "Thursday",
            "Friday"
          ]
        },
        {
          "name": "Custom",
          "days": [
            "Monday",
            "Wednesday",
            "Friday"
          ]
        }
      ],
      "service_period": "Weekly",
      "user_roles": [
        {
          "name": "Manager",
          "type": "Internal",
          "email": "manager@acme.com",
          "notifications": true
        },
        {
          "name": "Client",
          "type": "External",
          "email": "client@acme.com",
          "notifications": true
        }
      ]
    }
  ]
}
