[
  {
    "id": "1",
    "date": "2023-01-04",
    "name": "holiday 1",
    "category": "publicHoliday"
  },
  {
    "id": "2",
    "date": "2023-02-05",
    "name": " holiday 2",
    "category": "academicHoliday"
  },
  {
    "id": "3",
    "date": "2023-03-06",
    "name": " holiday 3",
    "category": "publicHoliday"
  },
  {
    "id": 4,
    "date": "2023-04-07",
    "name": " holiday 4",
    "category": "academicHoliday"
  },
  {
    "id": "5",
    "date": "2023-05-08",
    "name": " holiday 5",
    "category": "publicHoliday"
  },
  {
    "id": "6",
    "date": "2023-06-09",
    "name": " holiday 6",
    "category": "academicHoliday"
  },
  {
    "id": "7",
    "date": "2023-07-10",
    "name": " holiday 7",
    "category": "publicHoliday"
  },
  {
    "id": "8",
    "date": "2023-08-11",
    "name": " holiday 8",
    "category": "academicHoliday"
  },
  {
    "id": "9",
    "date": "2023-09-12",
    "name": " holiday 9",
    "category": "publicHoliday"
  },
  {
    "id": "10",
    "date": "2023-10-13",
    "name": " holiday 10",
    "category": "academicHoliday"
  },
  {
    "id": "11",
    "date": "2023-11-14",
    "name": " holiday 11",
    "category": "publicHoliday"
  },
  {
    "id": "12",
    "date": "2023-12-15",
    "name": " holiday 12",
    "category": "academicHoliday"
  }
]
