[
  {
    "id": "c1",
    "name": "TODO",
    "items": [
      {
        "id": 12344,
        "contract_name": "Contract One",
        "contract_partner": "John Smith",
        "contract_alias": "Cleaning Contract",
        "start_date": "2023-04-01",
        "end_date": "2024-03-31",
        "serviceDates": [
          {
            "date": "2023-04-01"
          },
          {
            "date": "2023-04-02"
          },
          {
            "date": "2023-04-03"
          },
          {
            "date": "2023-04-04"
          },
          {
            "date": "2023-04-05"
          },
          {
            "date": "2023-04-06"
          },
          {
            "date": "2023-04-07"
          },
          {
            "date": "2023-04-08"
          },
          {
            "date": "2023-04-09"
          },
          {
            "date": "2023-04-10"
          }
        ],
        "dollar_amount": 5000,
        "unit_definitions": [
          {
            "name": "Cleaning Visit",
            "description": "One cleaning visit to the premises"
          }
        ],
        "service_days": [],
        "service_period": "Weekly",
        "services": [
          {
            "id": 1,
            "name": "Service One",
            "SeparatePeriod": false,
            "serviceDates": [
              {
                "date": "2023-04-01"
              },
              {
                "date": "2023-04-02"
              },
              {
                "date": "2023-04-03"
              },
              {
                "date": "2023-04-04"
              },
              {
                "date": "2023-04-05"
              },
              {
                "date": "2023-04-06"
              },
              {
                "date": "2023-04-07"
              },
              {
                "date": "2023-04-08"
              },
              {
                "date": "2023-04-09"
              },
              {
                "date": "2023-04-10"
              }
            ],
            "price": 1,
            "service_period": "Daily",
            "weekdays": [
              0,
              1,
              2,
              3,
              4,
              5,
              6
            ],
            "selectedMonthDays": [],
            "engagementsPerDay": 1,
            "totalPrice": 60,
            "unit_definitions": [
              {
                "name": "Cleaning Visit",
                "description": "One cleaning visit to the premises"
              }
            ]
          },
          {
            "id": 2,
            "name": "Service Two",
            "SeparatePeriod": true,
            "serviceDates": [
              {
                "date": "2023-06-01"
              },
              {
                "date": "2023-06-02"
              },
              {
                "date": "2023-06-03"
              },
              {
                "date": "2023-06-04"
              },
              {
                "date": "2023-06-05"
              },
              {
                "date": "2023-06-06"
              },
              {
                "date": "2023-06-07"
              },
              {
                "date": "2023-06-08"
              },
              {
                "date": "2023-06-09"
              },
              {
                "date": "2023-06-10"
              }
            ],
            "price": 1,
            "weekdays": [
              0,
              1
            ],
            "selectedMonthDays": [],
            "engagementsPerDay": 5,
            "totalPrice": 30,
            "period": "weekly",
            "startDate": "2023-05-09",
            "serviceDays": 6,
            "endDate": "2023-06-02",
            "unit_definitions": [
              {
                "name": "Cleaning Visit",
                "description": "One cleaning visit to the premises"
              }
            ]
          }
        ]
      },
      {
        "id": 12366,
        "contract_name": "XYZ Corp. Cleaning Services",
        "contract_partner": "Jane Doe",
        "contract_alias": "Cleaning Contract",
        "start_date": "2023-08-15",
        "end_date": "2024-08-14",
        "serviceDates": [
          {
            "date": "2023-12-01"
          },
          {
            "date": "2023-12-02"
          },
          {
            "date": "2023-12-03"
          },
          {
            "date": "2023-12-04"
          },
          {
            "date": "2023-12-05"
          },
          {
            "date": "2023-12-06"
          },
          {
            "date": "2023-12-07"
          },
          {
            "date": "2023-12-08"
          },
          {
            "date": "2023-12-09"
          },
          {
            "date": "2023-12-10"
          }
        ],
        "dollar_amount": 7500,
        "unit_definitions": [
          {
            "name": "Cleaning Visit",
            "description": "One cleaning visit to the premises"
          }
        ],
        "service_days": [],
        "service_period": "Weekly",
        "services": [
          {
            "id": 1,
            "name": "Regular Cleaning",
            "SeparatePeriod": false,
            "serviceDates": [
              {
                "date": "2023-12-01"
              },
              {
                "date": "2023-12-02"
              },
              {
                "date": "2023-12-03"
              },
              {
                "date": "2023-12-04"
              },
              {
                "date": "2023-12-05"
              },
              {
                "date": "2023-12-06"
              },
              {
                "date": "2023-12-07"
              },
              {
                "date": "2023-12-08"
              },
              {
                "date": "2023-12-09"
              },
              {
                "date": "2023-12-10"
              }
            ],
            "price": 75,
            "service_period": "Daily",
            "weekdays": [
              1,
              2,
              3,
              4,
              5
            ],
            "selectedMonthDays": [],
            "engagementsPerDay": 2,
            "totalPrice": 750,
            "unit_definitions": [
              {
                "name": "Cleaning Visit",
                "description": "One cleaning visit to the premises"
              }
            ]
          },
          {
            "id": 2,
            "name": "Deep Cleaning",
            "SeparatePeriod": true,
            "serviceDates": [
              {
                "date": "2023-04-15"
              },
              {
                "date": "2023-04-16"
              },
              {
                "date": "2023-04-17"
              },
              {
                "date": "2023-04-18"
              },
              {
                "date": "2023-04-19"
              },
              {
                "date": "2023-04-20"
              },
              {
                "date": "2023-04-21"
              },
              {
                "date": "2023-04-22"
              },
              {
                "date": "2023-04-23"
              },
              {
                "date": "2023-04-24"
              }
            ],
            "price": 125,
            "weekdays": [
              0,
              6
            ],
            "selectedMonthDays": [],
            "engagementsPerDay": 3,
            "totalPrice": 1125,
            "period": "weekly",
            "startDate": "2023-09-01",
            "serviceDays": 5,
            "endDate": "2023-09-30",
            "unit_definitions": [
              {
                "name": "Cleaning Visit",
                "description": "One cleaning visit to the premises"
              }
            ]
          }
        ]
      }
    ]
  },
  {
    "id": "c2",
    "name": "IN PROGRESS",
    "items": [
      {
        "id": 17666,
        "contract_name": "Landscaping Services",
        "contract_partner": "Jane Smith",
        "contract_alias": "Landscaping Contract",
        "start_date": "2023-05-01",
        "end_date": "2024-04-30",
        "serviceDates": [
          {
            "date": "2023-06-15"
          },
          {
            "date": "2023-06-16"
          },
          {
            "date": "2023-06-17"
          },
          {
            "date": "2023-06-18"
          },
          {
            "date": "2023-06-19"
          },
          {
            "date": "2023-06-20"
          },
          {
            "date": "2023-06-21"
          },
          {
            "date": "2023-06-22"
          },
          {
            "date": "2023-06-23"
          },
          {
            "date": "2023-06-24"
          }
        ],
        "dollar_amount": 5000,
        "unit_definitions": [
          {
            "name": "Cleaning Visit",
            "description": "One cleaning visit to the premises"
          }
        ],
        "service_days": [],
        "service_period": "Weekly",
        "services": [
          {
            "id": 1,
            "name": "sample using main credentials ",
            "SeparatePeriod": false,
            "serviceDates": [
              {
                "date": "2023-06-15"
              },
              {
                "date": "2023-06-16"
              },
              {
                "date": "2023-06-17"
              },
              {
                "date": "2023-06-18"
              },
              {
                "date": "2023-06-19"
              },
              {
                "date": "2023-06-20"
              },
              {
                "date": "2023-06-21"
              },
              {
                "date": "2023-06-22"
              },
              {
                "date": "2023-06-23"
              },
              {
                "date": "2023-06-24"
              }
            ],
            "price": 1,
            "service_period": "Daily",
            "weekdays": [
              0,
              1,
              2,
              3,
              4,
              5,
              6
            ],
            "selectedMonthDays": [],
            "engagementsPerDay": 1,
            "totalPrice": 60,
            "unit_definitions": [
              {
                "name": "Cleaning Visit",
                "description": "One cleaning visit to the premises"
              }
            ]
          },
          {
            "id": 2,
            "name": "sample using separate credentials ",
            "SeparatePeriod": true,
            "serviceDates": [
              {
                "date": "2023-04-01"
              },
              {
                "date": "2023-04-02"
              },
              {
                "date": "2023-04-03"
              },
              {
                "date": "2023-04-04"
              },
              {
                "date": "2023-04-05"
              },
              {
                "date": "2023-04-06"
              },
              {
                "date": "2023-04-07"
              },
              {
                "date": "2023-04-08"
              },
              {
                "date": "2023-04-09"
              },
              {
                "date": "2023-04-10"
              }
            ],
            "price": 1,
            "weekdays": [
              0,
              1
            ],
            "selectedMonthDays": [],
            "engagementsPerDay": 5,
            "totalPrice": 30,
            "period": "weekly",
            "startDate": "2023-05-09",
            "serviceDays": 6,
            "endDate": "2023-06-02",
            "unit_definitions": [
              {
                "name": "Cleaning Visit",
                "description": "One cleaning visit to the premises"
              }
            ]
          }
        ]
      }
    ]
  },
  {
    "id": "c3",
    "name": "DONE",
    "items": [
      {
        "id": 17886,
        "contract_name": "ABC Corp. IT Services",
        "contract_partner": "Michael Johnson",
        "contract_alias": "IT Support Contract",
        "start_date": "2023-07-01",
        "end_date": "2024-06-30",
        "serviceDates": [
          {
            "date": "2023-06-10"
          },
          {
            "date": "2023-06-11"
          },
          {
            "date": "2023-06-12"
          },
          {
            "date": "2023-06-13"
          },
          {
            "date": "2023-06-14"
          },
          {
            "date": "2023-06-15"
          },
          {
            "date": "2023-06-16"
          },
          {
            "date": "2023-06-17"
          },
          {
            "date": "2023-06-18"
          },
          {
            "date": "2023-06-19"
          }
        ],
        "dollar_amount": 10000,
        "unit_definitions": [
          {
            "name": "Help Desk Support",
            "description": "24/7 help desk support for IT issues"
          }
        ],
        "service_days": [],
        "service_period": "Weekly",
        "services": [
          {
            "id": 1,
            "name": "Server Backup",
            "SeparatePeriod": false,
            "serviceDates": [
              {
                "date": "2023-06-10"
              },
              {
                "date": "2023-06-11"
              },
              {
                "date": "2023-06-12"
              },
              {
                "date": "2023-06-13"
              },
              {
                "date": "2023-06-14"
              },
              {
                "date": "2023-06-15"
              },
              {
                "date": "2023-06-16"
              },
              {
                "date": "2023-06-17"
              },
              {
                "date": "2023-06-18"
              },
              {
                "date": "2023-06-19"
              }
            ],
            "price": 750,
            "service_period": "Daily",
            "weekdays": [
              0,
              1,
              2,
              3,
              4,
              5,
              6
            ],
            "selectedMonthDays": [],
            "engagementsPerDay": 1,
            "totalPrice": 7500,
            "unit_definitions": [
              {
                "name": "Server Backup",
                "description": "Scheduled backup of critical server data"
              }
            ]
          },
          {
            "id": 2,
            "name": "Network Maintenance",
            "SeparatePeriod": true,
            "serviceDates": [
              {
                "date": "2023-06-15"
              },
              {
                "date": "2023-06-16"
              },
              {
                "date": "2023-06-17"
              },
              {
                "date": "2023-06-18"
              },
              {
                "date": "2023-06-19"
              },
              {
                "date": "2023-06-20"
              },
              {
                "date": "2023-06-21"
              },
              {
                "date": "2023-06-22"
              },
              {
                "date": "2023-06-23"
              },
              {
                "date": "2023-06-24"
              }
            ],
            "price": 250,
            "weekdays": [
              0,
              1
            ],
            "selectedMonthDays": [],
            "engagementsPerDay": 5,
            "totalPrice": 5000,
            "period": "weekly",
            "startDate": "2023-05-09",
            "serviceDays": 6,
            "endDate": "2023-06-02",
            "unit_definitions": [
              {
                "name": "Network Maintenance",
                "description": "Regular monitoring and maintenance of network infrastructure"
              }
            ]
          }
        ]
      }
    ]
  }
]

