[
  {
    "id": "1",
    "date": "2023-01-04",
    "category": "Jan",
    "value": 500070
  },
  {
    "id": "2",
    "date": "2023-02-05",
    "category": "Feb",
    "value": 750040
  },
  {
    "id": "3",
    "date": "2023-03-06",
    "category": "Mar",
    "value": 250000
  },
  {
    "id": 4,
    "date": "2023-04-07",
    "category": "Apr",
    "value": 666685
  },
  {
    "id": "5",
    "date": "2023-05-08",
    "category": "May",
    "value": 755555
  },
  {
    "id": "6",
    "date": "2023-06-09",
    "category": "Jun",
    "value": 523235
  },
  {
    "id": "7",
    "date": "2023-07-10",
    "category": "Jul",
    "value": 932339
  },
  {
    "id": "8",
    "date": "2023-08-11",
    "category": "Aug",
    "value": 495005
  },
  {
    "id": "9",
    "date": "2023-09-12",
    "category": "Sep",
    "value": 565625
  },
  {
    "id": "10",
    "date": "2023-10-13",
    "category": "Oct",
    "value": 656545
  },
  {
    "id": "11",
    "date": "2023-11-14",
    "category": "Nov",
    "value": 675886
  },
  {
    "id": "12",
    "date": "2023-12-15",
    "category": "Dec",
    "value": 805085
  }
]
