[
  {
    "id": "c1",
    "name": "TODO",
    "items": [
      {
        "id": "1",
        "contract_name": "Example Contract 1",
        "contract_partner": "Example Partner",
        "contract_alias": "Example Alias",
        "start_date": "2022-01-01",
        "end_date": "2022-01-31",
        "dollar_amount": 10000,
        "resource_identifier": "Example Resource",
        "service_info": {
          "service_frequency": "8",
          "service_period": "weekly",
          "service_days": [
            "Monday",
            "Tuesday"
          ],
          "service_engagement": 100
        },
        "service": [
          {
            "name": "Example Service11",
            "description": "An example service",
            "service_total_price": 2000,
            "service_engagement": 100,
            "unit": [
              {
                "definition": "Example Unit Definition",
                "price": 2.5
              }
            ]
          },
          {
            "name": "Example Service12",
            "description": "An example service",
            "service_total_price": 2000,
            "service_engagement": 100,
            "unit": [
              {
                "definition": "Example Unit Definition",
                "price": 2.5
              }
            ]
          },
          {
            "name": "Example Service13",
            "description": "An example service",
            "service_total_price": 2000,
            "service_engagement": 100,
            "unit": [
              {
                "definition": "Example Unit Definition",
                "price": 2.5
              }
            ]
          }
        ]
      },
      {
        "id": "2",
        "contract_name": "Example Contract 1",
        "contract_partner": "Example Partner",
        "contract_alias": "Example Alias",
        "start_date": "2022-01-01",
        "end_date": "2022-01-31",
        "dollar_amount": 10000,
        "resource_identifier": "Example Resource",
        "service_info": [
          {
            "service_frequency": "8",
            "service_period": "weekly",
            "service_days": [
              "Monday",
              "Tuesday"
            ]
          }
        ],
        "service": [
          {
            "name": "Example Service",
            "description": "An example service",
            "service_total_price": 2000,
            "service_engagement": 100,
            "unit": [
              {
                "definition": "Example Unit Definition",
                "price": 2.5
              }
            ]
          }
        ]
      },
      {
        "id": "3",
        "contract_name": "Example Contract 1",
        "contract_partner": "Example Partner",
        "contract_alias": "Example Alias",
        "start_date": "2022-01-01",
        "end_date": "2022-01-31",
        "dollar_amount": 10000,
        "resource_identifier": "Example Resource",
        "service_info": [
          {
            "service_frequency": "8",
            "service_period": "weekly",
            "service_days": [
              "Monday",
              "Tuesday"
            ]
          }
        ],
        "service": [
          {
            "name": "Example Service",
            "description": "An example service",
            "service_total_price": 2000,
            "service_engagement": 100,
            "unit": [
              {
                "definition": "Example Unit Definition",
                "price": 2.5
              }
            ]
          }
        ]
      }
    ]
  },
  {
    "id": "c2",
    "name": "IN PROGRESS",
    "items": [
      {
        "id": "1",
        "contract_name": "Example Contract 1",
        "contract_partner": "Example Partner",
        "contract_alias": "Example Alias",
        "start_date": "2022-01-01",
        "end_date": "2022-01-31",
        "dollar_amount": 10000,
        "resource_identifier": "Example Resource",
        "service_info": {
          "service_frequency": "8",
          "service_period": "weekly",
          "service_days": [
            "Monday",
            "Tuesday"
          ]
        },
        "service": [
          {
            "name": "Example Service11",
            "description": "An example service",
            "service_total_price": 2000,
            "service_engagement": 100,
            "unit": [
              {
                "definition": "Example Unit Definition",
                "price": 2.5
              }
            ]
          },
          {
            "name": "Example Service12",
            "description": "An example service",
            "service_total_price": 2000,
            "service_engagement": 100,
            "unit": [
              {
                "definition": "Example Unit Definition",
                "price": 2.5
              }
            ]
          },
          {
            "name": "Example Service13",
            "description": "An example service",
            "service_total_price": 2000,
            "service_engagement": 100,
            "unit": [
              {
                "definition": "Example Unit Definition",
                "price": 2.5
              }
            ]
          }
        ]
      },
      {
        "id": "2",
        "contract_name": "Example Contract 1",
        "contract_partner": "Example Partner",
        "contract_alias": "Example Alias",
        "start_date": "2022-01-01",
        "end_date": "2022-01-31",
        "dollar_amount": 10000,
        "resource_identifier": "Example Resource",
        "service_info": {
          "service_engagement": 100,
          "service_frequency": "8",
          "service_period": "weekly",
          "service_selection": [
            "Monday",
            "Tuesday"
          ],
          "definition": "Meals",
          "service_days": 2
        },
        "service": [
          {
            "name": "Example Service",
            "description": "An example service",
            "service_total_price": 2000,
            "unit_definition": "Meals",
            "unit_price": 2.5
          }
        ]
      },
      {
        "id": "3",
        "contract_name": "Example Contract 1",
        "contract_partner": "Example Partner",
        "contract_alias": "Example Alias",
        "start_date": "2022-01-01",
        "end_date": "2022-01-31",
        "dollar_amount": 10000,
        "resource_identifier": "Example Resource",
        "service_info": {
          "service_frequency": "8",
          "service_period": "weekly",
          "service_days": [
            "Monday",
            "Tuesday"
          ]
        },
        "service": [
          {
            "name": "Example Service",
            "description": "An example service",
            "service_total_price": 2000,
            "service_engagement": 100,
            "unit": [
              {
                "definition": "Example Unit Definition",
                "price": 2.5
              }
            ]
          }
        ]
      }
    ]
  },
  {
    "id": "c3",
    "name": "DONE",
    "items": [
      {
        "id": "1",
        "contract_name": "Example Contract 1",
        "contract_partner": "Example Partner",
        "contract_alias": "Example Alias",
        "start_date": "2022-01-01",
        "end_date": "2022-01-31",
        "dollar_amount": 10000,
        "resource_identifier": "Example Resource",
        "service_info": {
          "service_frequency": "8",
          "service_period": "weekly",
          "service_days": [
            "Monday",
            "Tuesday"
          ]
        },
        "service": [
          {
            "name": "Example Service11",
            "description": "An example service",
            "service_total_price": 2000,
            "service_engagement": 100,
            "unit": [
              {
                "definition": "Example Unit Definition",
                "price": 2.5
              }
            ]
          },
          {
            "name": "Example Service12",
            "description": "An example service",
            "service_total_price": 2000,
            "service_engagement": 100,
            "unit": [
              {
                "definition": "Example Unit Definition",
                "price": 2.5
              }
            ]
          },
          {
            "name": "Example Service13",
            "description": "An example service",
            "service_total_price": 2000,
            "service_engagement": 100,
            "unit": [
              {
                "definition": "Example Unit Definition",
                "price": 2.5
              }
            ]
          }
        ]
      },
      {
        "id": "2",
        "contract_name": "Example Contract 1",
        "contract_partner": "Example Partner",
        "contract_alias": "Example Alias",
        "start_date": "2022-01-01",
        "end_date": "2022-01-31",
        "dollar_amount": 10000,
        "resource_identifier": "Example Resource",
        "service_info": {
          "service_frequency": "8",
          "service_period": "weekly",
          "service_days": [
            "Monday",
            "Tuesday"
          ]
        },
        "service": [
          {
            "name": "Example Service",
            "description": "An example service",
            "service_total_price": 2000,
            "service_engagement": 100,
            "unit": [
              {
                "definition": "Example Unit Definition",
                "price": 2.5
              }
            ]
          }
        ]
      },
      {
        "id": "3",
        "contract_name": "Example Contract 1",
        "contract_partner": "Example Partner",
        "contract_alias": "Example Alias",
        "start_date": "2022-01-01",
        "end_date": "2022-01-31",
        "dollar_amount": 10000,
        "resource_identifier": "Example Resource",
        "service_info": {
          "service_frequency": "8",
          "service_period": "weekly",
          "service_days": [
            "Monday",
            "Tuesday"
          ]
        },
        "service": [
          {
            "name": "Example Service",
            "description": "An example service",
            "service_total_price": 2000,
            "service_engagement": 100,
            "unit": [
              {
                "definition": "Example Unit Definition",
                "price": 2.5
              }
            ]
          }
        ]
      }
    ]
  }
]
